timeStamp,elapsed,label,responseCode,responseMessage,threadName,dataType,success,failureMessage,bytes,sentBytes,grpThreads,allThreads,URL,Latency,IdleTime,Connect
1627581218028,174,HTTP Request Poster Img,200,OK,Thread Group 1-14,bin,true,,80733,163,50,50,http://sustentable-poster-pre.flow.com.ar/img/default/10007206.jpg,97,0,55
1627581218029,173,HTTP Request Poster Img,200,OK,Thread Group 1-10,bin,true,,80733,163,50,50,http://sustentable-poster-pre.flow.com.ar/img/default/10007206.jpg,96,0,54
1627581218028,203,HTTP Request Poster Img,200,OK,Thread Group 1-50,bin,true,,80733,163,48,48,http://sustentable-poster-pre.flow.com.ar/img/default/10007206.jpg,104,0,67
1627581218030,201,HTTP Request Poster Img,200,OK,Thread Group 1-46,bin,true,,80733,163,48,48,http://sustentable-poster-pre.flow.com.ar/img/default/10007206.jpg,102,0,65
1627581218030,205,HTTP Request Poster Img,200,OK,Thread Group 1-24,bin,true,,80733,163,46,46,http://sustentable-poster-pre.flow.com.ar/img/default/10007206.jpg,104,0,66
1627581218026,220,HTTP Request Poster Img,200,OK,Thread Group 1-25,bin,true,,140157,163,45,45,http://sustentable-poster-pre.flow.com.ar/img/default/10009797.jpg,99,0,57
1627581218029,233,HTTP Request Poster Img,200,OK,Thread Group 1-40,bin,true,,140157,163,44,44,http://sustentable-poster-pre.flow.com.ar/img/default/10009797.jpg,97,0,54
1627581218029,250,HTTP Request Poster Img,200,OK,Thread Group 1-42,bin,true,,140157,163,43,43,http://sustentable-poster-pre.flow.com.ar/img/default/10009797.jpg,96,0,66
1627581218029,266,HTTP Request Poster Img,200,OK,Thread Group 1-20,bin,true,,140157,163,42,42,http://sustentable-poster-pre.flow.com.ar/img/default/10009797.jpg,103,0,67
1627581218026,269,HTTP Request Poster Img,200,OK,Thread Group 1-39,bin,true,,140157,163,42,42,http://sustentable-poster-pre.flow.com.ar/img/default/10009797.jpg,105,0,70
1627581218028,336,HTTP Request Poster Img,200,OK,Thread Group 1-44,bin,true,,262300,163,40,40,http://sustentable-poster-pre.flow.com.ar/img/default/10009493.jpg,98,0,55
1627581218028,343,HTTP Request Poster Img,200,OK,Thread Group 1-45,bin,true,,255880,163,39,39,http://sustentable-poster-pre.flow.com.ar/img/default/10010188.jpg,97,0,55
1627581218029,346,HTTP Request Poster Img,200,OK,Thread Group 1-15,bin,true,,255880,163,38,38,http://sustentable-poster-pre.flow.com.ar/img/default/10010188.jpg,96,0,54
1627581218027,351,HTTP Request Poster Img,200,OK,Thread Group 1-23,bin,true,,249048,163,37,37,http://sustentable-poster-pre.flow.com.ar/img/default/10009534.jpg,98,0,56
1627581218028,355,HTTP Request Poster Img,200,OK,Thread Group 1-33,bin,true,,249048,163,36,36,http://sustentable-poster-pre.flow.com.ar/img/default/10009534.jpg,102,0,55
1627581218031,353,HTTP Request Poster Img,200,OK,Thread Group 1-49,bin,true,,255880,163,35,35,http://sustentable-poster-pre.flow.com.ar/img/default/10010188.jpg,94,0,64
1627581218027,357,HTTP Request Poster Img,200,OK,Thread Group 1-35,bin,true,,249048,163,35,35,http://sustentable-poster-pre.flow.com.ar/img/default/10009534.jpg,99,0,69
1627581218030,361,HTTP Request Poster Img,200,OK,Thread Group 1-26,bin,true,,283840,163,33,33,http://sustentable-poster-pre.flow.com.ar/img/default/10000509.jpg,96,0,53
1627581218030,363,HTTP Request Poster Img,200,OK,Thread Group 1-48,bin,true,,262300,163,32,32,http://sustentable-poster-pre.flow.com.ar/img/default/10009493.jpg,101,0,65
1627581218028,365,HTTP Request Poster Img,200,OK,Thread Group 1-31,bin,true,,262300,163,32,32,http://sustentable-poster-pre.flow.com.ar/img/default/10009493.jpg,100,0,55
1627581218029,369,HTTP Request Poster Img,200,OK,Thread Group 1-2,bin,true,,249048,163,30,30,http://sustentable-poster-pre.flow.com.ar/img/default/10009534.jpg,96,0,66
1627581218030,368,HTTP Request Poster Img,200,OK,Thread Group 1-28,bin,true,,262300,163,30,30,http://sustentable-poster-pre.flow.com.ar/img/default/10009493.jpg,104,0,65
1627581218029,373,HTTP Request Poster Img,200,OK,Thread Group 1-47,bin,true,,283840,163,28,28,http://sustentable-poster-pre.flow.com.ar/img/default/10000509.jpg,96,0,66
1627581218028,375,HTTP Request Poster Img,200,OK,Thread Group 1-13,bin,true,,283840,163,28,28,http://sustentable-poster-pre.flow.com.ar/img/default/10000509.jpg,98,0,55
1627581218029,387,HTTP Request Poster Img,200,OK,Thread Group 1-19,bin,true,,306106,163,26,26,http://sustentable-poster-pre.flow.com.ar/img/default/10009487.jpg,96,0,66
1627581218030,386,HTTP Request Poster Img,200,OK,Thread Group 1-4,bin,true,,255880,163,26,26,http://sustentable-poster-pre.flow.com.ar/img/default/10010188.jpg,96,0,66
1627581218028,388,HTTP Request Poster Img,200,OK,Thread Group 1-5,bin,true,,283840,163,26,26,http://sustentable-poster-pre.flow.com.ar/img/default/10000509.jpg,97,0,55
1627581218028,388,HTTP Request Poster Img,200,OK,Thread Group 1-1,bin,true,,255880,163,26,26,http://sustentable-poster-pre.flow.com.ar/img/default/10010188.jpg,98,0,67
1627581218028,388,HTTP Request Poster Img,200,OK,Thread Group 1-41,bin,true,,306106,163,24,24,http://sustentable-poster-pre.flow.com.ar/img/default/10009487.jpg,98,0,67
1627581218031,393,HTTP Request Poster Img,200,OK,Thread Group 1-29,bin,true,,306106,163,21,21,http://sustentable-poster-pre.flow.com.ar/img/default/10009487.jpg,97,0,52
1627581218030,394,HTTP Request Poster Img,200,OK,Thread Group 1-16,bin,true,,262300,163,21,21,http://sustentable-poster-pre.flow.com.ar/img/default/10009493.jpg,100,0,66
1627581218030,395,HTTP Request Poster Img,200,OK,Thread Group 1-30,bin,true,,249048,163,19,19,http://sustentable-poster-pre.flow.com.ar/img/default/10009534.jpg,100,0,65
1627581218031,394,HTTP Request Poster Img,200,OK,Thread Group 1-7,bin,true,,283840,163,19,19,http://sustentable-poster-pre.flow.com.ar/img/default/10000509.jpg,101,0,64
1627581218028,403,HTTP Request Poster Img,200,OK,Thread Group 1-32,bin,true,,306106,163,17,17,http://sustentable-poster-pre.flow.com.ar/img/default/10009487.jpg,102,0,67
1627581218030,417,HTTP Request Poster Img,200,OK,Thread Group 1-12,bin,true,,306106,163,16,16,http://sustentable-poster-pre.flow.com.ar/img/default/10009487.jpg,96,0,65
1627581218031,431,HTTP Request Poster Img,200,OK,Thread Group 1-17,bin,true,,369044,163,15,15,http://sustentable-poster-pre.flow.com.ar/img/default/10003385.jpg,94,0,52
1627581218031,437,HTTP Request Poster Img,200,OK,Thread Group 1-21,bin,true,,369044,163,14,14,http://sustentable-poster-pre.flow.com.ar/img/default/10003385.jpg,95,0,52
1627581218027,440,HTTP Request Poster Img,200,OK,Thread Group 1-38,bin,true,,369044,163,14,14,http://sustentable-poster-pre.flow.com.ar/img/default/10003385.jpg,98,0,56
1627581218030,438,HTTP Request Poster Img,200,OK,Thread Group 1-6,bin,true,,425075,163,14,14,http://sustentable-poster-pre.flow.com.ar/img/default/10002510.jpg,95,0,66
1627581218029,441,HTTP Request Poster Img,200,OK,Thread Group 1-37,bin,true,,425075,163,11,11,http://sustentable-poster-pre.flow.com.ar/img/default/10002510.jpg,96,0,67
1627581218029,441,HTTP Request Poster Img,200,OK,Thread Group 1-34,bin,true,,425075,163,11,11,http://sustentable-poster-pre.flow.com.ar/img/default/10002510.jpg,97,0,66
1627581218028,446,HTTP Request Poster Img,200,OK,Thread Group 1-36,bin,true,,369044,163,9,9,http://sustentable-poster-pre.flow.com.ar/img/default/10003385.jpg,98,0,67
1627581218026,448,HTTP Request Poster Img,200,OK,Thread Group 1-11,bin,true,,369044,163,9,9,http://sustentable-poster-pre.flow.com.ar/img/default/10003385.jpg,100,0,57
1627581218027,463,HTTP Request Poster Img,200,OK,Thread Group 1-18,bin,true,,474237,163,7,7,http://sustentable-poster-pre.flow.com.ar/img/default/10003372.jpg,107,0,69
1627581218028,463,HTTP Request Poster Img,200,OK,Thread Group 1-27,bin,true,,474237,163,6,6,http://sustentable-poster-pre.flow.com.ar/img/default/10003372.jpg,98,0,67
1627581218030,461,HTTP Request Poster Img,200,OK,Thread Group 1-3,bin,true,,425075,163,6,6,http://sustentable-poster-pre.flow.com.ar/img/default/10002510.jpg,98,0,65
1627581218027,469,HTTP Request Poster Img,200,OK,Thread Group 1-9,bin,true,,474237,163,4,4,http://sustentable-poster-pre.flow.com.ar/img/default/10003372.jpg,98,0,56
1627581218028,468,HTTP Request Poster Img,200,OK,Thread Group 1-22,bin,true,,425075,163,4,4,http://sustentable-poster-pre.flow.com.ar/img/default/10002510.jpg,100,0,68
1627581218028,482,HTTP Request Poster Img,200,OK,Thread Group 1-8,bin,true,,474237,163,2,2,http://sustentable-poster-pre.flow.com.ar/img/default/10003372.jpg,98,0,55
1627581218029,487,HTTP Request Poster Img,200,OK,Thread Group 1-43,bin,true,,474237,163,1,1,http://sustentable-poster-pre.flow.com.ar/img/default/10003372.jpg,97,0,66
1627581247933,172,HTTP Request Poster Img,200,OK,Thread Group 1-44,bin,true,,80733,163,50,50,http://sustentable-poster-pre.flow.com.ar/img/default/10007206.jpg,86,0,54
1627581247933,177,HTTP Request Poster Img,200,OK,Thread Group 1-22,bin,true,,80733,163,49,49,http://sustentable-poster-pre.flow.com.ar/img/default/10007206.jpg,86,0,55
1627581247933,178,HTTP Request Poster Img,200,OK,Thread Group 1-30,bin,true,,80733,163,48,48,http://sustentable-poster-pre.flow.com.ar/img/default/10007206.jpg,86,0,54
1627581247933,224,HTTP Request Poster Img,200,OK,Thread Group 1-50,bin,true,,80733,163,47,47,http://sustentable-poster-pre.flow.com.ar/img/default/10007206.jpg,90,0,61
1627581247924,236,HTTP Request Poster Img,200,OK,Thread Group 1-25,bin,true,,80733,163,46,46,http://sustentable-poster-pre.flow.com.ar/img/default/10007206.jpg,101,0,64
1627581247933,235,HTTP Request Poster Img,200,OK,Thread Group 1-37,bin,true,,140157,163,45,45,http://sustentable-poster-pre.flow.com.ar/img/default/10009797.jpg,86,0,55
1627581247924,254,HTTP Request Poster Img,200,OK,Thread Group 1-32,bin,true,,140157,163,44,44,http://sustentable-poster-pre.flow.com.ar/img/default/10009797.jpg,95,0,63
1627581247924,257,HTTP Request Poster Img,200,OK,Thread Group 1-23,bin,true,,140157,163,43,43,http://sustentable-poster-pre.flow.com.ar/img/default/10009797.jpg,100,0,64
1627581247934,310,HTTP Request Poster Img,200,OK,Thread Group 1-17,bin,true,,140157,163,42,42,http://sustentable-poster-pre.flow.com.ar/img/default/10009797.jpg,91,0,60
1627581247926,333,HTTP Request Poster Img,200,OK,Thread Group 1-27,bin,true,,262300,163,41,41,http://sustentable-poster-pre.flow.com.ar/img/default/10009493.jpg,93,0,62
1627581247924,337,HTTP Request Poster Img,200,OK,Thread Group 1-36,bin,true,,262300,163,40,40,http://sustentable-poster-pre.flow.com.ar/img/default/10009493.jpg,96,0,56
1627581247934,327,HTTP Request Poster Img,200,OK,Thread Group 1-7,bin,true,,249048,163,40,40,http://sustentable-poster-pre.flow.com.ar/img/default/10009534.jpg,85,0,53
1627581247924,340,HTTP Request Poster Img,200,OK,Thread Group 1-4,bin,true,,249048,163,38,38,http://sustentable-poster-pre.flow.com.ar/img/default/10009534.jpg,95,0,56
1627581247924,347,HTTP Request Poster Img,200,OK,Thread Group 1-34,bin,true,,255880,163,37,37,http://sustentable-poster-pre.flow.com.ar/img/default/10010188.jpg,95,0,63
1627581247933,356,HTTP Request Poster Img,200,OK,Thread Group 1-1,bin,true,,262300,163,36,36,http://sustentable-poster-pre.flow.com.ar/img/default/10009493.jpg,86,0,54
1627581247929,360,HTTP Request Poster Img,200,OK,Thread Group 1-49,bin,true,,255880,163,36,36,http://sustentable-poster-pre.flow.com.ar/img/default/10010188.jpg,90,0,51
1627581247934,359,HTTP Request Poster Img,200,OK,Thread Group 1-48,bin,true,,262300,163,34,34,http://sustentable-poster-pre.flow.com.ar/img/default/10009493.jpg,85,0,60
1627581247932,362,HTTP Request Poster Img,200,OK,Thread Group 1-38,bin,true,,262300,163,33,33,http://sustentable-poster-pre.flow.com.ar/img/default/10009493.jpg,93,0,62
1627581247934,361,HTTP Request Poster Img,200,OK,Thread Group 1-19,bin,true,,249048,163,32,32,http://sustentable-poster-pre.flow.com.ar/img/default/10009534.jpg,91,0,60
1627581247924,373,HTTP Request Poster Img,200,OK,Thread Group 1-39,bin,true,,249048,163,31,31,http://sustentable-poster-pre.flow.com.ar/img/default/10009534.jpg,95,0,71
1627581247924,375,HTTP Request Poster Img,200,OK,Thread Group 1-5,bin,true,,283840,163,30,30,http://sustentable-poster-pre.flow.com.ar/img/default/10000509.jpg,95,0,70
1627581247929,371,HTTP Request Poster Img,200,OK,Thread Group 1-16,bin,true,,255880,163,29,29,http://sustentable-poster-pre.flow.com.ar/img/default/10010188.jpg,90,0,51
1627581247932,375,HTTP Request Poster Img,200,OK,Thread Group 1-35,bin,true,,306106,163,28,28,http://sustentable-poster-pre.flow.com.ar/img/default/10009487.jpg,87,0,48
1627581247934,376,HTTP Request Poster Img,200,OK,Thread Group 1-26,bin,true,,255880,163,27,27,http://sustentable-poster-pre.flow.com.ar/img/default/10010188.jpg,90,0,60
1627581247930,380,HTTP Request Poster Img,200,OK,Thread Group 1-18,bin,true,,283840,163,27,27,http://sustentable-poster-pre.flow.com.ar/img/default/10000509.jpg,93,0,64
1627581247930,380,HTTP Request Poster Img,200,OK,Thread Group 1-2,bin,true,,283840,163,27,27,http://sustentable-poster-pre.flow.com.ar/img/default/10000509.jpg,90,0,50
1627581247934,381,HTTP Request Poster Img,200,OK,Thread Group 1-46,bin,true,,283840,163,24,24,http://sustentable-poster-pre.flow.com.ar/img/default/10000509.jpg,89,0,60
1627581247930,385,HTTP Request Poster Img,200,OK,Thread Group 1-41,bin,true,,283840,163,24,24,http://sustentable-poster-pre.flow.com.ar/img/default/10000509.jpg,95,0,64
1627581247932,386,HTTP Request Poster Img,200,OK,Thread Group 1-8,bin,true,,306106,163,22,22,http://sustentable-poster-pre.flow.com.ar/img/default/10009487.jpg,88,0,55
1627581247933,393,HTTP Request Poster Img,200,OK,Thread Group 1-31,bin,true,,255880,163,21,21,http://sustentable-poster-pre.flow.com.ar/img/default/10010188.jpg,92,0,61
1627581247926,401,HTTP Request Poster Img,200,OK,Thread Group 1-13,bin,true,,425075,163,20,20,http://sustentable-poster-pre.flow.com.ar/img/default/10002510.jpg,92,0,54
1627581247924,408,HTTP Request Poster Img,200,OK,Thread Group 1-6,bin,true,,249048,163,19,19,http://sustentable-poster-pre.flow.com.ar/img/default/10009534.jpg,101,0,70
1627581247934,398,HTTP Request Poster Img,200,OK,Thread Group 1-43,bin,true,,369044,163,19,19,http://sustentable-poster-pre.flow.com.ar/img/default/10003385.jpg,85,0,54
1627581247932,403,HTTP Request Poster Img,200,OK,Thread Group 1-20,bin,true,,369044,163,17,17,http://sustentable-poster-pre.flow.com.ar/img/default/10003385.jpg,92,0,62
1627581247930,409,HTTP Request Poster Img,200,OK,Thread Group 1-40,bin,true,,425075,163,16,16,http://sustentable-poster-pre.flow.com.ar/img/default/10002510.jpg,89,0,57
1627581247934,412,HTTP Request Poster Img,200,OK,Thread Group 1-33,bin,true,,369044,163,15,15,http://sustentable-poster-pre.flow.com.ar/img/default/10003385.jpg,85,0,60
1627581247934,419,HTTP Request Poster Img,200,OK,Thread Group 1-10,bin,true,,306106,163,14,14,http://sustentable-poster-pre.flow.com.ar/img/default/10009487.jpg,91,0,60
1627581247930,423,HTTP Request Poster Img,200,OK,Thread Group 1-12,bin,true,,306106,163,14,14,http://sustentable-poster-pre.flow.com.ar/img/default/10009487.jpg,93,0,58
1627581247926,430,HTTP Request Poster Img,200,OK,Thread Group 1-47,bin,true,,425075,163,12,12,http://sustentable-poster-pre.flow.com.ar/img/default/10002510.jpg,93,0,62
1627581247933,435,HTTP Request Poster Img,200,OK,Thread Group 1-21,bin,true,,369044,163,11,11,http://sustentable-poster-pre.flow.com.ar/img/default/10003385.jpg,86,0,54
1627581247924,448,HTTP Request Poster Img,200,OK,Thread Group 1-11,bin,true,,474237,163,10,10,http://sustentable-poster-pre.flow.com.ar/img/default/10003372.jpg,95,0,64
1627581247930,475,HTTP Request Poster Img,200,OK,Thread Group 1-28,bin,true,,425075,163,9,9,http://sustentable-poster-pre.flow.com.ar/img/default/10002510.jpg,89,0,58
1627581247924,504,HTTP Request Poster Img,200,OK,Thread Group 1-3,bin,true,,474237,163,8,8,http://sustentable-poster-pre.flow.com.ar/img/default/10003372.jpg,94,0,63
1627581247925,503,HTTP Request Poster Img,200,OK,Thread Group 1-45,bin,true,,474237,163,8,8,http://sustentable-poster-pre.flow.com.ar/img/default/10003372.jpg,94,0,55
1627581247932,548,HTTP Request Poster Img,200,OK,Thread Group 1-24,bin,true,,474237,163,6,6,http://sustentable-poster-pre.flow.com.ar/img/default/10003372.jpg,92,0,62
1627581247932,1212,HTTP Request Poster Img,200,OK,Thread Group 1-14,bin,true,,140157,163,5,5,http://sustentable-poster-pre.flow.com.ar/img/default/10009797.jpg,1125,0,1095
1627581247930,1298,HTTP Request Poster Img,200,OK,Thread Group 1-42,bin,true,,306106,163,4,4,http://sustentable-poster-pre.flow.com.ar/img/default/10009487.jpg,1127,0,1097
1627581247929,1329,HTTP Request Poster Img,200,OK,Thread Group 1-29,bin,true,,474237,163,3,3,http://sustentable-poster-pre.flow.com.ar/img/default/10003372.jpg,1128,0,1104
1627581247934,1342,HTTP Request Poster Img,200,OK,Thread Group 1-15,bin,true,,369044,163,2,2,http://sustentable-poster-pre.flow.com.ar/img/default/10003385.jpg,1123,0,1093
1627581247933,1354,HTTP Request Poster Img,200,OK,Thread Group 1-9,bin,true,,425075,163,1,1,http://sustentable-poster-pre.flow.com.ar/img/default/10002510.jpg,1124,0,1094
1627581289149,186,HTTP Request Poster Img,200,OK,Thread Group 1-39,bin,true,,80733,163,50,50,http://sustentable-poster-pre.flow.com.ar/img/default/10007206.jpg,116,0,81
1627581289153,182,HTTP Request Poster Img,200,OK,Thread Group 1-36,bin,true,,80733,163,50,50,http://sustentable-poster-pre.flow.com.ar/img/default/10007206.jpg,112,0,77
1627581289154,208,HTTP Request Poster Img,200,OK,Thread Group 1-7,bin,true,,80733,163,48,48,http://sustentable-poster-pre.flow.com.ar/img/default/10007206.jpg,112,0,76
1627581289150,224,HTTP Request Poster Img,200,OK,Thread Group 1-26,bin,true,,80733,163,47,47,http://sustentable-poster-pre.flow.com.ar/img/default/10007206.jpg,128,0,80
1627581289154,230,HTTP Request Poster Img,200,OK,Thread Group 1-8,bin,true,,80733,163,46,46,http://sustentable-poster-pre.flow.com.ar/img/default/10007206.jpg,125,0,75
1627581289153,263,HTTP Request Poster Img,200,OK,Thread Group 1-20,bin,true,,140157,163,45,45,http://sustentable-poster-pre.flow.com.ar/img/default/10009797.jpg,124,0,77
1627581289154,273,HTTP Request Poster Img,200,OK,Thread Group 1-33,bin,true,,140157,163,44,44,http://sustentable-poster-pre.flow.com.ar/img/default/10009797.jpg,111,0,76
1627581289153,305,HTTP Request Poster Img,200,OK,Thread Group 1-42,bin,true,,249048,163,43,43,http://sustentable-poster-pre.flow.com.ar/img/default/10009534.jpg,113,0,77
1627581289149,320,HTTP Request Poster Img,200,OK,Thread Group 1-17,bin,true,,262300,163,42,42,http://sustentable-poster-pre.flow.com.ar/img/default/10009493.jpg,117,0,81
1627581289153,336,HTTP Request Poster Img,200,OK,Thread Group 1-38,bin,true,,283840,163,41,41,http://sustentable-poster-pre.flow.com.ar/img/default/10000509.jpg,112,0,77
1627581289153,341,HTTP Request Poster Img,200,OK,Thread Group 1-23,bin,true,,255880,163,40,40,http://sustentable-poster-pre.flow.com.ar/img/default/10010188.jpg,124,0,77
1627581289154,342,HTTP Request Poster Img,200,OK,Thread Group 1-27,bin,true,,262300,163,39,39,http://sustentable-poster-pre.flow.com.ar/img/default/10009493.jpg,124,0,76
1627581289153,345,HTTP Request Poster Img,200,OK,Thread Group 1-14,bin,true,,262300,163,38,38,http://sustentable-poster-pre.flow.com.ar/img/default/10009493.jpg,124,0,78
1627581289155,351,HTTP Request Poster Img,200,OK,Thread Group 1-6,bin,true,,140157,163,37,37,http://sustentable-poster-pre.flow.com.ar/img/default/10009797.jpg,124,0,75
1627581289155,357,HTTP Request Poster Img,200,OK,Thread Group 1-22,bin,true,,249048,163,36,36,http://sustentable-poster-pre.flow.com.ar/img/default/10009534.jpg,110,0,75
1627581289149,370,HTTP Request Poster Img,200,OK,Thread Group 1-18,bin,true,,249048,163,35,35,http://sustentable-poster-pre.flow.com.ar/img/default/10009534.jpg,128,0,81
1627581289155,373,HTTP Request Poster Img,200,OK,Thread Group 1-5,bin,true,,255880,163,34,34,http://sustentable-poster-pre.flow.com.ar/img/default/10010188.jpg,123,0,75
1627581289153,379,HTTP Request Poster Img,200,OK,Thread Group 1-16,bin,true,,369044,163,33,33,http://sustentable-poster-pre.flow.com.ar/img/default/10003385.jpg,112,0,76
1627581289153,382,HTTP Request Poster Img,200,OK,Thread Group 1-12,bin,true,,255880,163,32,32,http://sustentable-poster-pre.flow.com.ar/img/default/10010188.jpg,113,0,76
1627581289154,385,HTTP Request Poster Img,200,OK,Thread Group 1-45,bin,true,,255880,163,31,31,http://sustentable-poster-pre.flow.com.ar/img/default/10010188.jpg,125,0,76
1627581289155,388,HTTP Request Poster Img,200,OK,Thread Group 1-34,bin,true,,369044,163,30,30,http://sustentable-poster-pre.flow.com.ar/img/default/10003385.jpg,110,0,75
1627581289155,391,HTTP Request Poster Img,200,OK,Thread Group 1-47,bin,true,,262300,163,29,29,http://sustentable-poster-pre.flow.com.ar/img/default/10009493.jpg,111,0,74
1627581289149,397,HTTP Request Poster Img,200,OK,Thread Group 1-2,bin,true,,283840,163,29,29,http://sustentable-poster-pre.flow.com.ar/img/default/10000509.jpg,117,0,81
1627581289154,393,HTTP Request Poster Img,200,OK,Thread Group 1-1,bin,true,,369044,163,27,27,http://sustentable-poster-pre.flow.com.ar/img/default/10003385.jpg,111,0,76
1627581289155,397,HTTP Request Poster Img,200,OK,Thread Group 1-21,bin,true,,140157,163,26,26,http://sustentable-poster-pre.flow.com.ar/img/default/10009797.jpg,123,0,75
1627581289153,403,HTTP Request Poster Img,200,OK,Thread Group 1-35,bin,true,,306106,163,25,25,http://sustentable-poster-pre.flow.com.ar/img/default/10009487.jpg,113,0,76
1627581289154,403,HTTP Request Poster Img,200,OK,Thread Group 1-19,bin,true,,249048,163,25,25,http://sustentable-poster-pre.flow.com.ar/img/default/10009534.jpg,112,0,76
1627581289153,404,HTTP Request Poster Img,200,OK,Thread Group 1-49,bin,true,,140157,163,25,25,http://sustentable-poster-pre.flow.com.ar/img/default/10009797.jpg,126,0,77
1627581289153,407,HTTP Request Poster Img,200,OK,Thread Group 1-44,bin,true,,283840,163,22,22,http://sustentable-poster-pre.flow.com.ar/img/default/10000509.jpg,113,0,76
1627581289153,409,HTTP Request Poster Img,200,OK,Thread Group 1-50,bin,true,,255880,163,21,21,http://sustentable-poster-pre.flow.com.ar/img/default/10010188.jpg,113,0,77
1627581289153,411,HTTP Request Poster Img,200,OK,Thread Group 1-25,bin,true,,306106,163,20,20,http://sustentable-poster-pre.flow.com.ar/img/default/10009487.jpg,125,0,77
1627581289155,412,HTTP Request Poster Img,200,OK,Thread Group 1-10,bin,true,,306106,163,19,19,http://sustentable-poster-pre.flow.com.ar/img/default/10009487.jpg,122,0,75
1627581289154,413,HTTP Request Poster Img,200,OK,Thread Group 1-46,bin,true,,306106,163,19,19,http://sustentable-poster-pre.flow.com.ar/img/default/10009487.jpg,125,0,76
1627581289155,424,HTTP Request Poster Img,200,OK,Thread Group 1-30,bin,true,,425075,163,17,17,http://sustentable-poster-pre.flow.com.ar/img/default/10002510.jpg,124,0,75
1627581289154,431,HTTP Request Poster Img,200,OK,Thread Group 1-32,bin,true,,369044,163,16,16,http://sustentable-poster-pre.flow.com.ar/img/default/10003385.jpg,124,0,77
1627581289153,460,HTTP Request Poster Img,200,OK,Thread Group 1-13,bin,true,,425075,163,15,15,http://sustentable-poster-pre.flow.com.ar/img/default/10002510.jpg,113,0,77
1627581289154,462,HTTP Request Poster Img,200,OK,Thread Group 1-48,bin,true,,249048,163,14,14,http://sustentable-poster-pre.flow.com.ar/img/default/10009534.jpg,123,0,76
1627581289155,463,HTTP Request Poster Img,200,OK,Thread Group 1-11,bin,true,,474237,163,13,13,http://sustentable-poster-pre.flow.com.ar/img/default/10003372.jpg,111,0,75
1627581289154,470,HTTP Request Poster Img,200,OK,Thread Group 1-4,bin,true,,474237,163,12,12,http://sustentable-poster-pre.flow.com.ar/img/default/10003372.jpg,112,0,76
1627581289154,470,HTTP Request Poster Img,200,OK,Thread Group 1-40,bin,true,,369044,163,12,12,http://sustentable-poster-pre.flow.com.ar/img/default/10003385.jpg,124,0,76
1627581289154,471,HTTP Request Poster Img,200,OK,Thread Group 1-37,bin,true,,474237,163,12,12,http://sustentable-poster-pre.flow.com.ar/img/default/10003372.jpg,112,0,76
1627581289155,476,HTTP Request Poster Img,200,OK,Thread Group 1-24,bin,true,,306106,163,9,9,http://sustentable-poster-pre.flow.com.ar/img/default/10009487.jpg,110,0,74
1627581289153,484,HTTP Request Poster Img,200,OK,Thread Group 1-41,bin,true,,474237,163,8,8,http://sustentable-poster-pre.flow.com.ar/img/default/10003372.jpg,125,0,77
1627581289154,483,HTTP Request Poster Img,200,OK,Thread Group 1-31,bin,true,,425075,163,8,8,http://sustentable-poster-pre.flow.com.ar/img/default/10002510.jpg,124,0,76
1627581289154,490,HTTP Request Poster Img,200,OK,Thread Group 1-15,bin,true,,262300,163,6,6,http://sustentable-poster-pre.flow.com.ar/img/default/10009493.jpg,125,0,76
1627581289154,490,HTTP Request Poster Img,200,OK,Thread Group 1-28,bin,true,,474237,163,6,6,http://sustentable-poster-pre.flow.com.ar/img/default/10003372.jpg,112,0,75
1627581289153,498,HTTP Request Poster Img,200,OK,Thread Group 1-3,bin,true,,283840,163,4,4,http://sustentable-poster-pre.flow.com.ar/img/default/10000509.jpg,125,0,77
1627581289154,520,HTTP Request Poster Img,200,OK,Thread Group 1-29,bin,true,,283840,163,3,3,http://sustentable-poster-pre.flow.com.ar/img/default/10000509.jpg,124,0,76
1627581289149,541,HTTP Request Poster Img,200,OK,Thread Group 1-43,bin,true,,425075,163,2,2,http://sustentable-poster-pre.flow.com.ar/img/default/10002510.jpg,117,0,80
1627581289153,561,HTTP Request Poster Img,200,OK,Thread Group 1-9,bin,true,,425075,163,1,1,http://sustentable-poster-pre.flow.com.ar/img/default/10002510.jpg,126,0,78
